{"name":"t:sections.footer.name","type":"footer","sections":{"newsletter_J3JzRn":{"type":"newsletter","blocks":{"heading_4wNFyJ":{"type":"heading","settings":{"heading":"La nostra Newsletter","heading_size":"h2"}},"paragraph_PCkPHD":{"type":"paragraph","settings":{"text":"<p>Non perderti novità, eventi e promozioni!<\/p>"}},"email_form_CCg4tM":{"type":"email_form","settings":{}}},"block_order":["heading_4wNFyJ","paragraph_PCkPHD","email_form_CCg4tM"],"settings":{"color_scheme":"scheme-1","full_width":true,"padding_top":40,"padding_bottom":52}},"footer":{"type":"footer","blocks":{"link_list_tnwCDL":{"type":"link_list","settings":{"heading":"Informative","menu":"footer"}},"text_zhXHHq":{"type":"text","settings":{"heading":"<strong>Nome Azienda<\/strong>","subtext":"<p>Via Numero<br\/>Cap Città (Provincia)<br\/>Telefono: <br\/>Email:<br\/>Numero Partita IVA:<\/p>"}}},"block_order":["link_list_tnwCDL","text_zhXHHq"],"settings":{"color_scheme":"scheme-2","newsletter_enable":false,"newsletter_heading":"Subscribe to our emails","enable_follow_on_shop":false,"show_social":true,"enable_country_selector":true,"enable_language_selector":true,"payment_enable":true,"show_policy":false,"margin_top":0,"padding_top":36,"padding_bottom":36}}},"order":["newsletter_J3JzRn","footer"]}