{"sections":{"main":{"type":"main-article","blocks":{"featured_image":{"type":"featured_image","settings":{"image_height":"adapt"}},"title":{"type":"title","settings":{"blog_show_date":true,"blog_show_author":false}},"share":{"type":"share","settings":{"share_label":"Share"}},"content":{"type":"content","settings":{}}},"block_order":["featured_image","title","share","content"],"settings":{}},"rich_text_rUxAmx":{"type":"rich-text","blocks":{"heading_Wax6LM":{"type":"heading","settings":{"heading":"Titolo","heading_size":"h1"}},"text_T9DDVQ":{"type":"text","settings":{"text":"<p>Introduzione<\/p>"}}},"block_order":["heading_Wax6LM","text_T9DDVQ"],"settings":{"desktop_content_position":"center","content_alignment":"center","color_scheme":"","full_width":true,"padding_top":40,"padding_bottom":52}},"image_with_text_eeMK66":{"type":"image-with-text","blocks":{"heading_bHR4df":{"type":"heading","settings":{"heading":"Sottotitolo","heading_size":"h1"}},"text_aVgLct":{"type":"text","settings":{"text":"<p>Paragrafo<\/p>","text_style":"body"}}},"block_order":["heading_bHR4df","text_aVgLct"],"settings":{"height":"adapt","desktop_image_width":"medium","layout":"image_first","desktop_content_position":"top","desktop_content_alignment":"left","content_layout":"no-overlap","section_color_scheme":"scheme-3","color_scheme":"scheme-3","image_behavior":"none","mobile_content_alignment":"left","padding_top":36,"padding_bottom":36}},"image_with_text_DycCtG":{"type":"image-with-text","blocks":{"heading_tydPHr":{"type":"heading","settings":{"heading":"Sottotitolo","heading_size":"h1"}},"text_TTtHDe":{"type":"text","settings":{"text":"<p>Paragrafo<\/p>","text_style":"body"}}},"block_order":["heading_tydPHr","text_TTtHDe"],"settings":{"height":"adapt","desktop_image_width":"medium","layout":"text_first","desktop_content_position":"top","desktop_content_alignment":"left","content_layout":"no-overlap","section_color_scheme":"scheme-1","color_scheme":"scheme-1","image_behavior":"none","mobile_content_alignment":"left","padding_top":36,"padding_bottom":36}},"image_with_text_inDyt7":{"type":"image-with-text","blocks":{"heading_egfeng":{"type":"heading","settings":{"heading":"Sottotitolo","heading_size":"h1"}},"text_X6HwDh":{"type":"text","settings":{"text":"<p>Paragrafo<\/p>","text_style":"body"}}},"block_order":["heading_egfeng","text_X6HwDh"],"settings":{"height":"adapt","desktop_image_width":"medium","layout":"image_first","desktop_content_position":"top","desktop_content_alignment":"left","content_layout":"no-overlap","section_color_scheme":"scheme-3","color_scheme":"scheme-3","image_behavior":"none","mobile_content_alignment":"left","padding_top":36,"padding_bottom":36}},"image_banner_Uk9EYM":{"type":"image-banner","blocks":{"heading_YbMakF":{"type":"heading","settings":{"heading":"Sottotitolo","heading_size":"h1"}},"text_9iwzyq":{"type":"text","settings":{"text":"Paragrafo","text_style":"body"}}},"block_order":["heading_YbMakF","text_9iwzyq"],"settings":{"image_overlay_opacity":0,"image_height":"medium","desktop_content_position":"middle-center","show_text_box":true,"desktop_content_alignment":"center","color_scheme":"","image_behavior":"none","mobile_content_alignment":"center","stack_images_on_mobile":true,"show_text_below":true}},"featured_product_XC9AAf":{"type":"featured-product","blocks":{"text_E6aXLX":{"type":"text","settings":{"text":"{{ section.settings.product.vendor }}","text_style":"uppercase"}},"title_Wj3xFU":{"type":"title","settings":{"heading_size":"h1"}},"price_FQ9rYe":{"type":"price","settings":{}},"variant_picker_afqeUL":{"type":"variant_picker","settings":{"picker_type":"button","swatch_shape":"circle"}},"quantity_selector_Rt3KaH":{"type":"quantity_selector","settings":{}},"buy_buttons_URLjTJ":{"type":"buy_buttons","settings":{"show_dynamic_checkout":true,"show_gift_card_recipient":true}},"icon_with_text_MwerT8":{"type":"icon-with-text","settings":{"layout":"vertical","icon_1":"check_mark","heading_1":"Certificato","icon_2":"truck","heading_2":"Spedizione in 24\/48h","icon_3":"return","heading_3":"Reso gratis entro 14 giorni"}}},"block_order":["text_E6aXLX","title_Wj3xFU","price_FQ9rYe","variant_picker_afqeUL","quantity_selector_Rt3KaH","buy_buttons_URLjTJ","icon_with_text_MwerT8"],"settings":{"product":"","color_scheme":"","secondary_background":false,"media_size":"medium","constrain_to_viewport":true,"media_fit":"contain","media_position":"left","image_zoom":"lightbox","hide_variants":false,"enable_video_looping":false,"padding_top":36,"padding_bottom":36}}},"order":["main","rich_text_rUxAmx","image_with_text_eeMK66","image_with_text_DycCtG","image_with_text_inDyt7","image_banner_Uk9EYM","featured_product_XC9AAf"]}