{"sections":{"banner":{"type":"main-collection-banner","settings":{"show_collection_description":true,"show_collection_image":false,"color_scheme":"scheme-1"}},"product-grid":{"type":"main-collection-product-grid","settings":{"products_per_page":16,"columns_desktop":4,"color_scheme":"scheme-1","image_ratio":"adapt","image_shape":"default","show_secondary_image":false,"show_vendor":false,"show_rating":false,"enable_filtering":true,"filter_type":"horizontal","enable_sorting":true,"columns_mobile":"2","padding_top":36,"padding_bottom":36}},"image_with_text_wjqAen":{"type":"image-with-text","blocks":{"heading_96AqqW":{"type":"heading","settings":{"heading":"Elemento di credibilità","heading_size":"h1"}},"text_X7DKRa":{"type":"text","settings":{"text":"<p>Spiegazione<\/p>","text_style":"body"}}},"block_order":["heading_96AqqW","text_X7DKRa"],"disabled":true,"settings":{"height":"adapt","desktop_image_width":"medium","layout":"image_first","desktop_content_position":"top","desktop_content_alignment":"left","content_layout":"no-overlap","section_color_scheme":"","color_scheme":"","image_behavior":"none","mobile_content_alignment":"left","padding_top":36,"padding_bottom":36}}},"order":["banner","product-grid","image_with_text_wjqAen"]}