{"sections":{"main":{"type":"main-product","blocks":{"vendor":{"type":"text","settings":{"text":"{{ product.vendor }}","text_style":"uppercase"}},"title":{"type":"title","settings":{}},"custom_liquid_7AtNTX":{"type":"custom_liquid","name":"Codice stelline recensioni","settings":{"custom_liquid":"<div class=\"trustpilot-badge\">\n  <div class=\"trustpilot-stars\">★★★★★<\/div>\n  <a href=\"#reviewCarousel\" class=\"read-reviews-link\">Leggi le recensioni di Google<\/a>\n<\/div>\n\n<style>\n  .trustpilot-badge {\n    display: flex;\n    align-items: center;\n    gap: 8px;\n    margin-top: 4px;\n    flex-wrap: wrap;\n  }\n\n  .trustpilot-stars {\n    font-size: 20px;\n    color: #FFD700; \/* colore oro per le stelle *\/\n    line-height: 1;\n  }\n\n  .read-reviews-link {\n    font-size: 14px;\n    color: #6f1a2e; \/* bordeaux \/ burgundy *\/\n    text-decoration: underline;\n    cursor: pointer;\n    transition: opacity 0.2s;\n  }\n\n  .read-reviews-link:hover {\n    opacity: 0.7;\n  }\n\n  @media (max-width: 600px) {\n    .trustpilot-badge {\n      flex-direction: column;\n      align-items: flex-start;\n    }\n    .trustpilot-stars {\n      font-size: 18px;\n    }\n  }\n\n  html {\n    scroll-behavior: smooth;\n  }\n<\/style>"}},"price":{"type":"price","settings":{}},"variant_picker":{"type":"variant_picker","settings":{"picker_type":"button","swatch_shape":"circle"}},"quantity_selector":{"type":"quantity_selector","settings":{}},"custom_liquid_D8xxCw":{"type":"custom_liquid","name":"Codice calcolo spedizione gratuita","settings":{"custom_liquid":"{% assign free_shipping_threshold = 15000 %} <!-- Soglia di spedizione gratuita in centesimi -->\n{% assign cart_total = cart.total_price %} <!-- Totale del carrello -->\n{% assign product_price = product.price %} <!-- Prezzo del prodotto visualizzato -->\n\n<!-- Calcolo del totale combinato -->\n{% assign combined_total = cart_total | plus: product_price %}\n\n<!-- Controllo del totale combinato rispetto alla soglia -->\n{% if combined_total < free_shipping_threshold %}\n{% assign amount_needed = free_shipping_threshold | minus: combined_total %}\n<p style=\"font-size: 13px; display: inline;\">\n Aggiungi altri <b>{{ amount_needed | money }}<\/b> per la spedizione gratuita!\n<\/p>\n{% else %}\n<p style=\"display: inline;\">\nHai diritto alla spedizione gratuita!\n<\/p>\n{% endif %}"}},"buy_buttons":{"type":"buy_buttons","settings":{"show_dynamic_checkout":true,"show_gift_card_recipient":true}},"delivery_estimate_78YMXV":{"type":"delivery_estimate","disabled":true,"settings":{"pre_text":"Ordinando ora,  riceverai il tuo ordine tra il","min_days":15,"max_days":20}},"custom_liquid_UntiJ9":{"type":"custom_liquid","name":"Codice previsione consegna","settings":{"custom_liquid":"{% assign current_date = \"now\" | date: \"%s\" %}\n{% assign current_day = \"now\" | date: \"%A\" %}\n\n{% assign min_days_to_add = 2 %}\n{% assign max_days_to_add = 6 %}\n\n{% if current_day == \"Friday\" %}\n  {% assign min_days_to_add = 4 %}\n  {% assign max_days_to_add = 8 %}\n{% elsif current_day == \"Saturday\" %}\n  {% assign min_days_to_add = 3 %}\n  {% assign max_days_to_add = 7 %}\n{% elsif current_day == \"Sunday\" %}\n  {% assign min_days_to_add = 2 %}\n  {% assign max_days_to_add = 6 %}\n{% elsif current_day == \"Monday\" %}\n  {% assign min_days_to_add = 2 %}\n  {% assign max_days_to_add = 8 %}\n{% elsif current_day == \"Tuesday\" %}\n  {% assign min_days_to_add = 2 %}\n  {% assign max_days_to_add = 8 %}\n{% elsif current_day == \"Wednesday\" %}\n  {% assign min_days_to_add = 2 %}\n  {% assign max_days_to_add = 8 %}\n{% elsif current_day == \"Thursday\" %}\n  {% assign min_days_to_add = 5 %}\n  {% assign max_days_to_add = 8 %}\n{% endif %}\n\n{% assign min_seconds_to_add = min_days_to_add | times: 86400 %}\n{% assign max_seconds_to_add = max_days_to_add | times: 86400 %}\n\n{% assign min_future_timestamp = current_date | plus: min_seconds_to_add %}\n{% assign max_future_timestamp = current_date | plus: max_seconds_to_add %}\n\n{% assign min_future_date = min_future_timestamp | date: \"%d-%m-%Y\" %}\n{% assign max_future_date = max_future_timestamp | date: \"%d-%m-%Y\" %}\n\n<p style=\"color: #222222; border-radius: 8px; border:1px solid #222222;padding: 10px; text-align: center;\">\n  Ordinando ora, <br> riceverai il tuo ordine tra il <b>{{ min_future_date }}<\/b> e il <b>{{ max_future_date }}<\/b>!\n<\/p>"}},"description":{"type":"description","disabled":true,"settings":{}},"share":{"type":"share","disabled":true,"settings":{"share_label":"Share"}}},"block_order":["vendor","title","custom_liquid_7AtNTX","price","variant_picker","quantity_selector","custom_liquid_D8xxCw","buy_buttons","delivery_estimate_78YMXV","custom_liquid_UntiJ9","description","share"],"settings":{"enable_sticky_info":true,"color_scheme":"scheme-1","media_size":"large","constrain_to_viewport":true,"media_fit":"contain","gallery_layout":"stacked","media_position":"left","image_zoom":"lightbox","mobile_thumbnails":"hide","hide_variants":true,"enable_video_looping":false,"padding_top":36,"padding_bottom":12}},"custom_liquid_fWpVR4":{"type":"custom-liquid","name":"Codice descrizione comprimibile","settings":{"custom_liquid":"<!-- Descrizione prodotto collapsible -->\n<div class=\"descrizione-collapsible\">\n    <div class=\"descrizione-header\">\n        <span class=\"icon\">+<\/span>\n        <span class=\"header-text\">Clicca per leggere la descrizione completa<\/span>\n    <\/div>\n    <div class=\"descrizione-content\">\n        <div class=\"descrizione-inner\">\n            {{ product.description | replace: '<img', '<img style=\"max-width: 100%;\"' }}\n        <\/div>\n    <\/div>\n<\/div>\n\n<style>\n    .descrizione-collapsible {\n        width: 100%;\n        max-width: 1300px;\n        margin: 0 auto;\n        padding: 0 20px;\n        box-sizing: border-box;\n    }\n\n    .descrizione-header {\n        padding: 15px;\n        cursor: pointer;\n        display: flex;\n        align-items: center;\n        border: 1px solid #ddd;\n        border-radius: 8px;\n    }\n\n    .descrizione-header .icon {\n        margin-right: 10px;\n    }\n\n    .descrizione-content {\n        display: none;\n        overflow: hidden;\n        transition: max-height 0.3s ease-out;\n    }\n\n    .descrizione-inner {\n        font-family: Arial, sans-serif;\n        font-size: 14px;\n        color: #555;\n        background-color: transparent;\n        padding: 15px;\n    }\n\n    @media screen and (max-width: 600px) {\n        .descrizione-collapsible {\n            width: auto !important;\n            padding: 0 10px !important;\n        }\n\n        img {\n            max-width: 100% !important;\n            height: auto !important;\n        }\n    }\n<\/style>\n\n<script>\n    document.addEventListener('DOMContentLoaded', function() {\n        document.querySelectorAll('.descrizione-header').forEach(function(header) {\n            var content = header.nextElementSibling;\n            var icon = header.querySelector('.icon');\n            var headerText = header.querySelector('.header-text');\n\n            header.addEventListener('click', function() {\n                var isVisible = content.style.display === \"block\";\n                content.style.display = isVisible ? \"none\" : \"block\";\n                headerText.textContent = isVisible\n                    ? \"Clicca per leggere la descrizione completa\"\n                    : \"Clicca per nascondere la descrizione\";\n                icon.textContent = isVisible ? \"+\" : \"-\";\n            });\n        });\n    });\n<\/script>","color_scheme":"","padding_top":40,"padding_bottom":52}},"text_with_icons_CH9Pqb":{"type":"text-with-icons","blocks":{"block_hJ3GEz":{"type":"block","settings":{"icon":"heart","text":"Gli articoli più ricercati, da tutto il mondo","link":""}},"block_WBbhGC":{"type":"block","settings":{"icon":"shipping_outline","text":"Spedizione in 1-4 giorni lavorativi","link":""}},"block_zHFjnA":{"type":"block","settings":{"icon":"messages","text":"Assistenza in chat 24\/7","link":""}},"block_Kd4xCE":{"type":"block","settings":{"icon":"secure","text":"Pagamenti tracciati e sicuri","link":""}}},"block_order":["block_hJ3GEz","block_WBbhGC","block_zHFjnA","block_Kd4xCE"],"disabled":true,"settings":{"color":"","background":"","section_space":"top_and_bottom"}},"custom_liquid_ePnbeh":{"type":"custom-liquid","name":"Codice carosello recensioni","settings":{"custom_liquid":"<h2 style=\"text-align: center;\">RECENSIONI DA GOOGLE<\/h2>\n<div class=\"carousel\" id=\"reviewCarousel\">\n  <div class=\"carousel-inner\">\n    <!-- Inizio recensioni -->\n    <div class=\"carousel-track\">\n      <div class=\"carousel-item\">\n        <div class=\"review-card\">\n          <div class=\"reviewer-info\">\n            <h1 class=\"reviewer-name\">Giovanni Genovese<\/h1>\n            <div class=\"review-stars\">★★★★★<\/div>\n            <div class=\"review-date\">21\/02\/2025<\/div>\n          <\/div>\n          <div class=\"review-text\">\n            Guidato passo passo nell'acquisto della mia nuova bici. Grande competenza.\n          <\/div>\n        <\/div>\n      <\/div>\n\n      <div class=\"carousel-item\">\n        <div class=\"review-card\">\n          <div class=\"reviewer-info\">\n            <h1 class=\"reviewer-name\">Federico Marinari<\/h1>\n            <div class=\"review-stars\">★★★★★<\/div>\n            <div class=\"review-date\">04\/03\/2025<\/div>\n          <\/div>\n          <div class=\"review-text\">\n            Esperienza ottima, personale efficiente. Bici usata perfetta.\n          <\/div>\n        <\/div>\n      <\/div>\n\n      <div class=\"carousel-item\">\n        <div class=\"review-card\">\n          <div class=\"reviewer-info\">\n            <h1 class=\"reviewer-name\">Anna Farinaccio<\/h1>\n            <div class=\"review-stars\">★★★★★<\/div>\n            <div class=\"review-date\">14\/10\/2024<\/div>\n          <\/div>\n          <div class=\"review-text\">\n            Gentilezza e professionalità. Ottimo consiglio anche per chi non è esperto.\n          <\/div>\n        <\/div>\n      <\/div>\n\n      <!-- Aggiungi altre recensioni come queste se vuoi -->\n\n    <\/div>\n  <\/div>\n\n  <button class=\"carousel-control-prev\" onclick=\"prevSlide()\">&#10094;<\/button>\n  <button class=\"carousel-control-next\" onclick=\"nextSlide()\">&#10095;<\/button>\n<\/div>\n\n<style>\n  .carousel {\n    width: 90%;\n    max-width: 700px;\n    overflow: hidden;\n    position: relative;\n    margin: 40px auto;\n    border-radius: 0px;\n    box-shadow: 0 5px 20px rgba(0,0,0,0.1);\n    background: white;\n    border: 1px solid #eee;\n  }\n\n  .carousel-inner {\n    width: 100%;\n    overflow: hidden;\n  }\n\n  .carousel-track {\n    display: flex;\n    transition: transform 0.5s ease;\n  }\n\n  .carousel-item {\n    min-width: 100%;\n    box-sizing: border-box;\n    padding: 20px;\n  }\n\n  .review-card {\n    display: flex;\n    flex-direction: column;\n    gap: 10px;\n  }\n\n  .reviewer-name {\n    font-size: 1.2rem;\n    font-weight: 600;\n    margin-bottom: 5px;\n  }\n\n  .review-stars {\n    color: #FFD700;\n  }\n\n  .review-date {\n    color: #888;\n    font-size: 0.9rem;\n  }\n\n  .review-text {\n    font-size: 1rem;\n    color: #333;\n    line-height: 1.6;\n  }\n\n  .carousel-control-prev,\n  .carousel-control-next {\n    position: absolute;\n    top: 50%;\n    transform: translateY(-50%);\n    background-color: rgba(0,0,0,0.5);\n    color: white;\n    border: none;\n    border-radius: 50%;\n    width: 36px;\n    height: 36px;\n    cursor: pointer;\n    font-size: 1.5rem;\n    display: flex;\n    justify-content: center;\n    align-items: center;\n    z-index: 2;\n  }\n\n  .carousel-control-prev { left: 10px; }\n  .carousel-control-next { right: 10px; }\n<\/style>\n\n<script>\n  let currentIndex = 0;\n\n  function showSlide(index) {\n    const track = document.querySelector('.carousel-track');\n    const items = document.querySelectorAll('.carousel-item');\n    const total = items.length;\n\n    if (index >= total) currentIndex = 0;\n    else if (index < 0) currentIndex = total - 1;\n    else currentIndex = index;\n\n    const offset = -currentIndex * 100;\n    track.style.transform = `translateX(${offset}%)`;\n  }\n\n  function nextSlide() {\n    showSlide(currentIndex + 1);\n  }\n\n  function prevSlide() {\n    showSlide(currentIndex - 1);\n  }\n\n  setInterval(nextSlide, 4000);\n<\/script>","color_scheme":"","padding_top":40,"padding_bottom":52}},"recensioni_carousel_aWyRRN":{"type":"recensioni-carousel","blocks":{"review_Fzt6NV":{"type":"review","settings":{"name":"Giuseppe rossi","stars":"5","date":"01\/01\/2025","text":"Prova"}}},"block_order":["review_Fzt6NV"],"disabled":true,"name":"Carosello Recensioni","settings":{"title":"RECENSIONI DA GOOGLE","star_style":"trustpilot","star_size":40}},"collapsible_content_n7dAFd":{"type":"collapsible-content","blocks":{"collapsible_row_NEwLLy":{"type":"collapsible_row","settings":{"heading":"Costi di spedizione","icon":"truck","row_content":"","page":""}},"collapsible_row_mjTD8V":{"type":"collapsible_row","settings":{"heading":"Metodi di pagamento accettati","icon":"price_tag","row_content":"","page":""}},"collapsible_row_VpRQeP":{"type":"collapsible_row","settings":{"heading":"Posso restituire il mio ordine?","icon":"return","row_content":"","page":""}}},"block_order":["collapsible_row_NEwLLy","collapsible_row_mjTD8V","collapsible_row_VpRQeP"],"settings":{"caption":"","heading":"Domande frequenti","heading_size":"h1","heading_alignment":"center","layout":"none","color_scheme":"scheme-1","container_color_scheme":"scheme-3","open_first_collapsible_row":false,"image_ratio":"adapt","desktop_layout":"image_second","padding_top":36,"padding_bottom":36}},"related-products":{"type":"related-products","settings":{"heading":"Di solito acquistati insieme","heading_size":"h2","products_to_show":4,"columns_desktop":4,"color_scheme":"scheme-1","image_ratio":"square","image_shape":"default","show_secondary_image":true,"show_vendor":false,"show_rating":false,"columns_mobile":"2","padding_top":36,"padding_bottom":28}},"image_with_text_HQERJ9":{"type":"image-with-text","blocks":{"heading_EQ9y8a":{"type":"heading","settings":{"heading":"Beneficio","heading_size":"h2"}},"text_KRjTeh":{"type":"text","settings":{"text":"<p>Spiegazione beneficio<\/p>","text_style":"body"}}},"block_order":["heading_EQ9y8a","text_KRjTeh"],"settings":{"height":"adapt","desktop_image_width":"medium","layout":"image_first","desktop_content_position":"middle","desktop_content_alignment":"left","content_layout":"no-overlap","section_color_scheme":"scheme-1","color_scheme":"scheme-3","image_behavior":"none","mobile_content_alignment":"left","padding_top":36,"padding_bottom":36}},"multicolumn_JUfghr":{"type":"multicolumn","blocks":{"column_yHm4RR":{"type":"column","settings":{"title":"<strong>Beneficio<\/strong>","text":"<p>Spiegazione beneficio<\/p>","link_label":"","link":""}},"column_39ga67":{"type":"column","settings":{"title":"<strong>Beneficio<\/strong>","text":"<p>Spiegazione beneficio<\/p>","link_label":"","link":""}},"column_4htfGV":{"type":"column","settings":{"title":"<strong>Beneficio<\/strong>","text":"<p>Spiegazione beneficio<\/p>","link_label":"","link":""}}},"block_order":["column_yHm4RR","column_39ga67","column_4htfGV"],"settings":{"title":"Perché sceglierci","heading_size":"h2","image_width":"full","image_ratio":"adapt","columns_desktop":3,"column_alignment":"center","background_style":"none","button_label":"","button_link":"","color_scheme":"scheme-2","columns_mobile":"1","swipe_on_mobile":false,"padding_top":36,"padding_bottom":36}}},"order":["main","custom_liquid_fWpVR4","text_with_icons_CH9Pqb","custom_liquid_ePnbeh","recensioni_carousel_aWyRRN","collapsible_content_n7dAFd","related-products","image_with_text_HQERJ9","multicolumn_JUfghr"]}