{"current":{"logo_width":120,"type_header_font":"playfair_display_i4","heading_scale":110,"type_body_font":"lato_n4","body_scale":100,"page_width":1200,"spacing_sections":0,"spacing_grid_horizontal":8,"spacing_grid_vertical":8,"animations_reveal_on_scroll":true,"animations_hover_elements":"vertical-lift","buttons_border_thickness":1,"buttons_border_opacity":10,"buttons_radius":8,"buttons_shadow_opacity":20,"buttons_shadow_horizontal_offset":0,"buttons_shadow_vertical_offset":2,"buttons_shadow_blur":5,"variant_pills_border_thickness":1,"variant_pills_border_opacity":10,"variant_pills_radius":40,"variant_pills_shadow_opacity":20,"variant_pills_shadow_horizontal_offset":0,"variant_pills_shadow_vertical_offset":2,"variant_pills_shadow_blur":5,"inputs_border_thickness":1,"inputs_border_opacity":10,"inputs_radius":8,"inputs_shadow_opacity":100,"inputs_shadow_horizontal_offset":0,"inputs_shadow_vertical_offset":2,"inputs_shadow_blur":5,"card_style":"standard","card_image_padding":0,"card_text_alignment":"left","card_color_scheme":"scheme-1","card_border_thickness":1,"card_border_opacity":10,"card_corner_radius":8,"card_shadow_opacity":20,"card_shadow_horizontal_offset":0,"card_shadow_vertical_offset":2,"card_shadow_blur":5,"collection_card_style":"standard","collection_card_image_padding":0,"collection_card_text_alignment":"left","collection_card_color_scheme":"scheme-2","collection_card_border_thickness":1,"collection_card_border_opacity":10,"collection_card_corner_radius":8,"collection_card_shadow_opacity":20,"collection_card_shadow_horizontal_offset":0,"collection_card_shadow_vertical_offset":2,"collection_card_shadow_blur":5,"blog_card_style":"standard","blog_card_image_padding":0,"blog_card_text_alignment":"left","blog_card_color_scheme":"scheme-2","blog_card_border_thickness":1,"blog_card_border_opacity":10,"blog_card_corner_radius":8,"blog_card_shadow_opacity":20,"blog_card_shadow_horizontal_offset":0,"blog_card_shadow_vertical_offset":2,"blog_card_shadow_blur":5,"text_boxes_border_thickness":1,"text_boxes_border_opacity":10,"text_boxes_radius":8,"text_boxes_shadow_opacity":20,"text_boxes_shadow_horizontal_offset":0,"text_boxes_shadow_vertical_offset":2,"text_boxes_shadow_blur":5,"media_border_thickness":1,"media_border_opacity":10,"media_radius":8,"media_shadow_opacity":20,"media_shadow_horizontal_offset":0,"media_shadow_vertical_offset":2,"media_shadow_blur":5,"popup_border_thickness":1,"popup_border_opacity":10,"popup_corner_radius":8,"popup_shadow_opacity":20,"popup_shadow_horizontal_offset":0,"popup_shadow_vertical_offset":4,"popup_shadow_blur":5,"drawer_border_thickness":1,"drawer_border_opacity":10,"drawer_shadow_opacity":20,"drawer_shadow_horizontal_offset":0,"drawer_shadow_vertical_offset":4,"drawer_shadow_blur":5,"badge_position":"bottom left","badge_corner_radius":40,"sale_badge_color_scheme":"scheme-4","sold_out_badge_color_scheme":"scheme-3","brand_headline":"","brand_description":"<p><\/p>","brand_image_width":100,"social_facebook_link":"https:\/\/www.facebook.com\/shop.addicted2","social_instagram_link":"https:\/\/www.instagram.com\/addicted2.shop\/","social_youtube_link":"","social_tiktok_link":"","social_twitter_link":"","social_snapchat_link":"","social_pinterest_link":"","social_tumblr_link":"","social_vimeo_link":"","predictive_search_enabled":true,"predictive_search_show_vendor":false,"predictive_search_show_price":false,"currency_code_enabled":true,"cart_type":"notification","show_vendor":false,"show_cart_note":false,"cart_drawer_collection":"","cart_color_scheme":"scheme-1","sections":{"main-password-header":{"type":"main-password-header","settings":{"color_scheme":"scheme-1"}},"main-password-footer":{"type":"main-password-footer","settings":{"color_scheme":"scheme-1"}}},"content_for_index":[],"blocks":{"8208493610395315515":{"type":"shopify:\/\/apps\/dondy-whatsapp-chat-marketing\/blocks\/app-block\/7f5a70cb-e171-4cc7-ac02-e2220203abd6","disabled":false,"settings":{}}},"color_schemes":{"scheme-1":{"settings":{"background":"#f5f5f5","background_gradient":"","text":"#333333","button":"#8b4513","button_label":"#ffffff","secondary_button_label":"#8b4513","shadow":"#d3d3d3"}},"scheme-2":{"settings":{"background":"#ffffff","background_gradient":"","text":"#1a1a1a","button":"#b22222","button_label":"#ffffff","secondary_button_label":"#b22222","shadow":"#c0c0c0"}},"scheme-3":{"settings":{"background":"#faf0e6","background_gradient":"","text":"#2f4f4f","button":"#4682b4","button_label":"#ffffff","secondary_button_label":"#4682b4","shadow":"#b0c4de"}},"scheme-4":{"settings":{"background":"rgba(0,0,0,0)","background_gradient":"","text":"#ffffff","button":"#c6a664","button_label":"#ffffff","secondary_button_label":"#e63946","shadow":"#ffffff"}},"scheme-5":{"settings":{"background":"#fff5f5","background_gradient":"","text":"#e63946","button":"#e63946","button_label":"#ffffff","secondary_button_label":"#e63946","shadow":"#e63946"}}}},"presets":{"Default":{"logo_width":90,"color_schemes":{"scheme-1":{"settings":{"background":"#FFFFFF","background_gradient":"","text":"#121212","button":"#121212","button_label":"#FFFFFF","secondary_button_label":"#121212","shadow":"#121212"}},"scheme-2":{"settings":{"background":"#F3F3F3","background_gradient":"","text":"#121212","button":"#121212","button_label":"#F3F3F3","secondary_button_label":"#121212","shadow":"#121212"}},"scheme-3":{"settings":{"background":"#242833","background_gradient":"","text":"#FFFFFF","button":"#FFFFFF","button_label":"#000000","secondary_button_label":"#FFFFFF","shadow":"#121212"}},"scheme-4":{"settings":{"background":"#121212","background_gradient":"","text":"#FFFFFF","button":"#FFFFFF","button_label":"#121212","secondary_button_label":"#FFFFFF","shadow":"#121212"}},"scheme-5":{"settings":{"background":"#334FB4","background_gradient":"","text":"#FFFFFF","button":"#FFFFFF","button_label":"#334FB4","secondary_button_label":"#FFFFFF","shadow":"#121212"}}},"type_header_font":"assistant_n4","heading_scale":100,"type_body_font":"assistant_n4","body_scale":100,"page_width":1200,"spacing_sections":0,"spacing_grid_horizontal":8,"spacing_grid_vertical":8,"animations_reveal_on_scroll":true,"animations_hover_elements":"none","buttons_border_thickness":1,"buttons_border_opacity":100,"buttons_radius":0,"buttons_shadow_opacity":0,"buttons_shadow_horizontal_offset":0,"buttons_shadow_vertical_offset":4,"buttons_shadow_blur":5,"variant_pills_border_thickness":1,"variant_pills_border_opacity":55,"variant_pills_radius":40,"variant_pills_shadow_opacity":0,"variant_pills_shadow_horizontal_offset":0,"variant_pills_shadow_vertical_offset":4,"variant_pills_shadow_blur":5,"inputs_border_thickness":1,"inputs_border_opacity":55,"inputs_radius":0,"inputs_shadow_opacity":0,"inputs_shadow_horizontal_offset":0,"inputs_shadow_vertical_offset":4,"inputs_shadow_blur":5,"card_style":"standard","card_image_padding":0,"card_text_alignment":"left","card_color_scheme":"scheme-2","card_border_thickness":0,"card_border_opacity":10,"card_corner_radius":0,"card_shadow_opacity":0,"card_shadow_horizontal_offset":0,"card_shadow_vertical_offset":4,"card_shadow_blur":5,"collection_card_style":"standard","collection_card_image_padding":0,"collection_card_text_alignment":"left","collection_card_color_scheme":"scheme-2","collection_card_border_thickness":0,"collection_card_border_opacity":10,"collection_card_corner_radius":0,"collection_card_shadow_opacity":0,"collection_card_shadow_horizontal_offset":0,"collection_card_shadow_vertical_offset":4,"collection_card_shadow_blur":5,"blog_card_style":"standard","blog_card_image_padding":0,"blog_card_text_alignment":"left","blog_card_color_scheme":"scheme-2","blog_card_border_thickness":0,"blog_card_border_opacity":10,"blog_card_corner_radius":0,"blog_card_shadow_opacity":0,"blog_card_shadow_horizontal_offset":0,"blog_card_shadow_vertical_offset":4,"blog_card_shadow_blur":5,"text_boxes_border_thickness":0,"text_boxes_border_opacity":10,"text_boxes_radius":0,"text_boxes_shadow_opacity":0,"text_boxes_shadow_horizontal_offset":0,"text_boxes_shadow_vertical_offset":4,"text_boxes_shadow_blur":5,"media_border_thickness":1,"media_border_opacity":5,"media_radius":0,"media_shadow_opacity":0,"media_shadow_horizontal_offset":0,"media_shadow_vertical_offset":4,"media_shadow_blur":5,"popup_border_thickness":1,"popup_border_opacity":10,"popup_corner_radius":0,"popup_shadow_opacity":5,"popup_shadow_horizontal_offset":0,"popup_shadow_vertical_offset":4,"popup_shadow_blur":5,"drawer_border_thickness":1,"drawer_border_opacity":10,"drawer_shadow_opacity":0,"drawer_shadow_horizontal_offset":0,"drawer_shadow_vertical_offset":4,"drawer_shadow_blur":5,"badge_position":"bottom left","badge_corner_radius":40,"sale_badge_color_scheme":"scheme-4","sold_out_badge_color_scheme":"scheme-3","brand_headline":"","brand_description":"<p><\/p>","brand_image_width":100,"social_twitter_link":"","social_facebook_link":"","social_pinterest_link":"","social_instagram_link":"","social_tiktok_link":"","social_tumblr_link":"","social_snapchat_link":"","social_youtube_link":"","social_vimeo_link":"","predictive_search_enabled":true,"predictive_search_show_vendor":false,"predictive_search_show_price":false,"currency_code_enabled":true,"cart_type":"notification","show_vendor":false,"show_cart_note":false,"cart_drawer_collection":"","cart_color_scheme":"scheme-1","sections":{"main-password-header":{"type":"main-password-header","settings":{"color_scheme":"scheme-1"}},"main-password-footer":{"type":"main-password-footer","settings":{"color_scheme":"scheme-1"}}}}}}